OrderID,OrderDate,StoreID,ProductID,QtyOrdered,UnitPrice,CustomerID
1,12-02-2025,S002,P101,20,70.13,13816a
2,01-06-2025,S001,P104,4,60.95,a0244e
3,26-02-2025,S002,P102,11,66.76,469a00
4,10-03-2025,S001,P101,9,83.66,4e4e87
5,14-05-2025,S001,P103,4,29.6,ec6dd5
6,20-08-2025,S001,P102,10,84.04,ab98ad
7,09-06-2025,S001,P104,18,72.94,3fde84
8,17-07-2025,S002,P101,6,33.73,55b917
9,05-07-2025,S002,P101,19,42.73,e1eab4
10,28-03-2025,S003,P103,4,95,f6a641
11,11-03-2025,S001,P102,13,44.97,a20db1
12,11-11-2024,S004,P103,18,84.83,2aa227
13,09-10-2024,S003,P102,10,22.2,2dff99
14,23-06-2025,S004,P102,4,42.89,f7bd12
15,13-09-2024,S002,P104,13,28.87,a913e2
16,07-09-2025,S001,P103,17,98.69,057ae5
17,04-12-2024,S003,P102,5,75.31,902b52
18,19-07-2025,S002,P103,7,17.75,ff4119
19,07-12-2024,S004,P101,8,80.33,09681c
20,08-12-2024,S002,P101,2,87.29,5d1143
21,17-03-2025,S001,P104,14,15.01,ad99eb
22,10-02-2025,S001,P104,18,39.23,188b5b
23,05-04-2025,S004,P102,12,43.14,289504
24,06-02-2025,S004,P103,1,56.66,0f21fb
25,13-11-2024,S002,P101,1,79.38,52f221
26,03-06-2025,S004,P104,19,35.24,476b9f
27,08-02-2025,S002,P103,12,83.2,d4a390
28,15-01-2025,S003,P104,10,67.39,9c6332
29,14-01-2025,S001,P102,19,66.83,3383d7
30,09-11-2024,S001,P101,15,41.03,a683a5
31,02-08-2025,S002,P101,2,82.88,13a929
32,26-06-2025,S001,P101,5,27.14,64282a
33,16-03-2025,S003,P101,13,42.93,3757b7
34,07-11-2024,S004,P102,10,90.31,97c42e
35,05-03-2025,S003,P102,5,31.68,b5f1d2
36,21-12-2024,S003,P104,4,61.17,1698b0
37,15-02-2025,S001,P102,20,58.99,9558da
38,02-11-2024,S001,P103,14,99.31,22f284
39,31-01-2025,S003,P101,20,15.87,005cb3
40,01-03-2025,S004,P102,14,50.6,8a60cb
41,20-12-2024,S002,P103,10,69.69,c1a051
42,19-07-2025,S002,P101,20,69.76,8ad2f8
43,06-01-2025,S004,P101,20,90.46,c0cd2c
44,13-02-2025,S001,P104,16,98.32,1be370
45,17-05-2025,S003,P104,16,99.22,66b883
46,20-06-2025,S003,P103,14,18.19,d47ee2
47,05-12-2024,S002,P101,11,27.26,a95fb0
48,03-05-2025,S002,P101,6,70.81,4f7d26
49,08-08-2025,S003,P101,3,41.23,968835
50,19-08-2025,S001,P102,19,39.83,fee646
51,26-05-2025,S004,P104,17,65.27,6b5d4f
52,03-02-2025,S002,P104,1,83.16,0354f4
53,30-12-2024,S003,P104,18,92.58,d7fc70
54,28-09-2024,S001,P102,20,44.07,16ab22
55,27-02-2025,S003,P102,2,53.03,632c8a
56,13-09-2024,S002,P101,14,86.41,e9808e
57,09-04-2025,S002,P104,17,27.26,17c529
58,21-08-2025,S003,P104,9,54,9b9446
59,21-03-2025,S004,P103,16,84.91,b764a3
60,09-12-2024,S004,P104,19,54.03,ecdd51
61,16-06-2025,S001,P101,5,62.36,a2e9b8
62,15-11-2024,S004,P103,6,88.66,e5b1a3
63,04-08-2025,S002,P101,15,96.41,6204be
64,28-09-2024,S001,P104,17,27.67,4b231e
65,31-07-2025,S002,P103,1,84.58,e97e98
66,01-06-2025,S002,P101,5,61.17,919c80
67,05-10-2024,S004,P104,5,66.68,302327
68,03-05-2025,S002,P104,13,64.02,ef2e2d
69,04-07-2025,S002,P101,6,10.09,60e4e8
70,24-05-2025,S003,P102,12,31.44,8e2744
71,29-10-2024,S003,P104,10,37.2,e6d70a
72,27-02-2025,S003,P104,19,12.45,76dcfc
73,27-05-2025,S004,P101,9,51.66,7e34cf
74,21-02-2025,S002,P103,2,28.04,47d3b6
75,11-05-2025,S003,P104,9,10.15,5e1c6b
76,31-05-2025,S002,P104,8,20.53,ae1f9f
77,23-10-2024,S002,P102,4,83.4,872064
78,10-11-2024,S001,P104,5,10.93,a80eda
79,18-12-2024,S002,P102,11,35.45,707fe6
80,11-01-2025,S003,P103,20,23.82,f20396
81,29-08-2025,S003,P102,17,61.11,05728f
82,26-05-2025,S003,P104,14,51.95,e7c457
83,15-09-2024,S002,P104,19,31.07,addc57
84,02-04-2025,S003,P104,13,69.81,a7b385
85,16-11-2024,S001,P101,15,84.7,77efb1
86,10-07-2025,S003,P101,1,51.89,991af2
87,08-11-2024,S004,P103,12,15.3,9c5686
88,01-09-2025,S003,P102,2,25.58,f7cb59
89,28-03-2025,S002,P101,2,39.03,3438b8
90,26-09-2024,S002,P104,11,88.12,0c616b
91,14-02-2025,S001,P103,6,28.87,75b410
92,12-01-2025,S001,P102,19,27.53,b57dd4
93,05-01-2025,S001,P101,12,72.03,3e7df1
94,21-11-2024,S003,P104,19,98.13,a693bd
95,31-10-2024,S003,P103,13,96.04,eb8679
96,01-06-2025,S002,P103,3,45.48,b98527
97,10-01-2025,S004,P101,18,93.09,dad522
98,23-09-2024,S004,P101,3,24.05,242fe1
99,28-12-2024,S004,P103,13,90.9,493317
100,25-03-2025,S004,P101,19,66.11,a713b7
101,05-08-2025,S003,P101,3,40.67,47f39d
102,01-02-2025,S002,P102,7,20.97,114bd5
103,16-05-2025,S004,P102,11,69.79,f70eab
104,16-12-2024,S001,P104,11,40.24,797664
105,23-04-2025,S004,P103,16,90.41,95f68f
106,04-06-2025,S001,P103,3,16.15,8fb7f0
107,10-01-2025,S004,P104,15,26.2,3754fe
108,08-07-2025,S001,P102,12,51.12,2af9d7
109,23-05-2025,S003,P102,20,10.2,8.37E+30
110,04-04-2025,S002,P104,9,71.55,27d122
111,15-12-2024,S003,P103,19,81.25,618580
112,08-04-2025,S002,P102,8,89.29,29795d
113,23-04-2025,S001,P101,13,81.07,e9585c
114,01-03-2025,S002,P104,5,56.14,7e9a70
115,16-06-2025,S001,P102,5,47.58,ad676b
116,30-04-2025,S002,P101,5,92.44,8bd522
117,01-10-2024,S004,P102,16,16.33,3ecdbb
118,21-07-2025,S004,P104,3,69.05,2be00a
119,04-01-2025,S004,P104,1,89.98,7b7cd3
120,07-12-2024,S002,P103,20,40.39,77fe9c
121,27-01-2025,S002,P102,10,42.58,692ae0
122,03-10-2024,S003,P103,17,25.36,d169c8
123,12-03-2025,S002,P104,12,39.86,3c4fa8
124,07-12-2024,S004,P104,18,84.48,2df719
125,17-07-2025,S002,P104,6,50.3,5a1e98
126,27-05-2025,S004,P103,3,49.89,3467a0
127,16-06-2025,S004,P101,6,20.46,ea8aac
128,25-10-2024,S001,P103,7,96.86,8a2096
129,06-07-2025,S003,P103,16,67.04,54a444
130,17-08-2025,S003,P103,6,94.35,1818c3
131,13-11-2024,S001,P103,6,33.42,15c251
132,10-05-2025,S002,P101,2,15.95,2b396b
133,15-01-2025,S002,P103,1,56.58,241416
134,27-12-2024,S001,P102,15,88.09,d4396c
135,08-09-2025,S004,P103,9,51.23,274fc4
136,31-10-2024,S004,P102,10,26.3,c316da
137,22-04-2025,S001,P101,2,89.81,fd75c2
138,06-05-2025,S003,P102,3,24.45,ce54bd
139,24-08-2025,S001,P103,3,82.23,c88f2a
140,12-10-2024,S004,P103,4,13.65,6e8211
141,24-12-2024,S004,P104,7,50.97,743337
142,02-05-2025,S002,P104,18,12.42,b66077
143,28-08-2025,S001,P101,19,15.37,7874b4
144,27-11-2024,S003,P103,18,19.13,c4ec41
145,14-11-2024,S002,P103,14,95.94,2d661a
146,09-05-2025,S001,P102,12,80.47,7fbbc1
147,18-06-2025,S003,P101,3,79.22,82d8c3
148,12-02-2025,S003,P103,2,64.35,267c01
149,07-05-2025,S001,P102,8,12.53,6fdaba
150,05-08-2025,S001,P101,16,97.81,753c6c
151,27-01-2025,S002,P102,3,22.2,e978a5
152,09-03-2025,S003,P101,6,60.25,144953
153,26-01-2025,S001,P104,6,53.79,6e31c4
154,12-05-2025,S001,P104,14,50.23,c3dfdb
155,20-07-2025,S002,P101,20,32.83,662c9f
156,25-07-2025,S002,P103,13,91.12,70422
157,07-10-2024,S004,P102,19,29.36,196f8a
158,25-07-2025,S003,P104,12,77.41,354c80
159,25-01-2025,S004,P103,4,44.56,572f4e
160,24-11-2024,S001,P102,12,38.92,4ce523
161,19-11-2024,S002,P104,16,36.77,4faaf0
162,16-04-2025,S002,P101,2,99.5,26483b
163,07-02-2025,S003,P101,3,12.98,6.66E+07
164,07-03-2025,S004,P104,2,30.9,d2f072
165,21-07-2025,S002,P102,15,83.99,fd7741
166,15-09-2024,S004,P104,5,82.82,f5fddf
167,25-02-2025,S001,P104,12,31.18,7cc3af
168,01-03-2025,S002,P102,8,86.21,5b48b5
169,10-09-2024,S001,P103,6,14.28,5bb556
170,13-04-2025,S003,P104,9,28.2,baae20
171,19-03-2025,S001,P101,16,23.4,e5edd3
172,13-04-2025,S004,P101,1,81.97,fe404e
173,17-02-2025,S003,P102,4,77.41,af026c
174,12-10-2024,S002,P104,20,45.32,adc1d9
175,20-12-2024,S003,P103,11,50.45,f4933b
176,23-08-2025,S004,P101,16,39.78,61e46a
177,29-11-2024,S003,P102,16,73.07,de0c80
178,02-11-2024,S001,P103,12,62.5,a96806
179,28-09-2024,S001,P102,9,94.06,ff1892
180,26-10-2024,S003,P104,10,72.96,fe918f
181,11-06-2025,S003,P101,4,36.76,5f2d64
182,14-08-2025,S004,P103,19,38.15,32492
183,03-10-2024,S003,P103,20,99.83,5eea01
184,18-04-2025,S001,P103,9,69.34,9cd29d
185,31-07-2025,S002,P102,15,43.48,858cee
186,28-11-2024,S004,P101,14,74.21,4b1ece
187,08-03-2025,S003,P104,9,30.06,1775fe
188,25-07-2025,S001,P101,8,64.84,8da550
189,30-06-2025,S004,P101,20,36.87,e2a3fb
190,22-08-2025,S004,P102,16,14.29,79efd3
191,31-03-2025,S003,P104,10,76.11,361567
192,31-10-2024,S001,P104,2,88.23,a68994
193,07-01-2025,S002,P103,3,94.66,1ae7ad
194,30-11-2024,S002,P101,8,60.91,a46fd3
195,19-04-2025,S001,P101,5,33.06,58819e
196,08-10-2024,S002,P102,7,96.95,cf91c6
197,16-11-2024,S001,P104,18,74.36,88973c
198,21-01-2025,S003,P103,14,60.08,83da36
199,06-05-2025,S002,P102,16,28.41,bc9016
200,02-10-2024,S002,P103,7,75.4,cb82ed
201,13-10-2024,S002,P101,8,99.1,9b7e93
202,16-04-2025,S003,P101,5,75.7,7c1cd0
203,10-10-2024,S002,P104,1,53.38,8d1cb2
204,14-04-2025,S003,P101,5,21.66,f86944
205,25-04-2025,S003,P103,2,63.74,f13ad7
206,02-04-2025,S004,P102,18,54.34,0956fb
207,02-12-2024,S003,P103,13,32.56,5e2c65
208,29-03-2025,S001,P103,6,97.7,eb0667
209,14-06-2025,S003,P104,5,18.45,775ed5
210,06-10-2024,S004,P104,3,81.64,2e6dbe
211,23-04-2025,S003,P102,5,63.96,7.52E+11
212,23-09-2024,S004,P104,20,11.58,fda60c
213,06-05-2025,S001,P101,2,13.63,30a534
214,23-12-2024,S001,P103,7,84.89,92ae97
215,26-03-2025,S002,P101,8,18.78,789118
216,18-07-2025,S002,P104,12,14.04,445d92
217,03-03-2025,S002,P103,19,93.14,baea47
218,31-05-2025,S002,P103,19,30.3,01400f
219,19-07-2025,S003,P102,15,17.07,351ca5
220,17-06-2025,S003,P104,20,87.44,4b207b
221,19-10-2024,S003,P104,7,24.38,e9d680
222,12-02-2025,S001,P102,2,83.57,1205a7
223,27-05-2025,S004,P102,13,24.35,1e59e4
224,14-08-2025,S001,P101,19,64.68,a063c7
225,23-08-2025,S004,P104,3,51.67,771b99
226,25-12-2024,S002,P102,15,41.59,f85abf
227,28-10-2024,S003,P103,9,52.84,a744ea
228,03-07-2025,S004,P103,19,76.56,c76223
229,25-11-2024,S004,P104,7,55.98,89c799
230,12-10-2024,S004,P101,18,79.12,641010
231,06-06-2025,S004,P102,11,72.35,a1b24a
232,29-06-2025,S004,P103,20,40.13,05eb1f
233,20-07-2025,S001,P102,12,62.19,1ebe85
234,19-03-2025,S004,P104,5,99.96,c30855
235,18-07-2025,S003,P103,15,75.77,567247
236,18-10-2024,S004,P104,9,60.06,d2cf98
237,14-06-2025,S002,P101,11,77.37,475fa1
238,06-04-2025,S001,P101,12,73.37,4ec623
239,10-04-2025,S004,P102,16,92.82,a85d18
240,21-01-2025,S002,P102,7,82.21,e4f7ce
241,23-02-2025,S002,P103,5,72.37,5a3fd4
242,26-12-2024,S002,P101,13,79.1,9ad266
243,20-07-2025,S002,P101,20,78.77,090dcd
244,25-11-2024,S001,P101,4,82.14,a8b8a5
245,30-10-2024,S004,P103,16,50.44,e74c83
246,14-11-2024,S002,P103,2,96.77,3dae15
247,06-06-2025,S003,P104,14,87.03,7ef022
248,12-07-2025,S004,P102,13,27.5,9425b3
249,15-04-2025,S002,P102,18,75.42,fb10c6
250,25-12-2024,S002,P104,2,33.98,5fd603
251,01-12-2024,S002,P102,2,71.63,7f2db1
252,03-04-2025,S002,P104,1,28.19,5dcdf1
253,12-07-2025,S001,P102,16,47.05,d84b66
254,27-03-2025,S004,P104,5,84.31,7136a2
255,27-01-2025,S004,P104,8,91.63,14b1ad
256,29-12-2024,S001,P103,4,51.33,f21ccf
257,02-06-2025,S002,P103,20,78.54,67494e
258,16-10-2024,S003,P101,4,94.32,fdabeb
259,21-07-2025,S003,P102,4,18.76,d04769
260,18-05-2025,S004,P101,5,16.41,2412d9
261,30-01-2025,S004,P104,10,71.73,a146d4
262,03-02-2025,S002,P102,12,22.84,a8af06
263,04-01-2025,S004,P102,2,26.28,1fa65d
264,31-12-2024,S002,P104,15,44.81,51e0cb
265,13-12-2024,S004,P101,15,54.36,83cc01
266,31-08-2025,S004,P104,13,92.72,d6c256
267,16-04-2025,S003,P103,4,37.75,5e1880
268,05-04-2025,S003,P102,6,48.81,97085e
269,08-09-2025,S004,P104,16,65.53,e539aa
270,16-06-2025,S004,P101,12,22.5,83a849
271,13-02-2025,S001,P101,11,43.19,769574
272,06-08-2025,S002,P104,11,54.86,d2b0f9
273,27-07-2025,S001,P104,1,82.03,7d04b7
274,19-11-2024,S002,P102,2,40.51,bb5316
275,12-02-2025,S002,P104,10,43.85,231776
276,21-10-2024,S003,P102,14,36.77,e68a7b
277,05-10-2024,S004,P102,4,63.41,9e7070
278,27-01-2025,S001,P101,14,57.75,0f8db8
279,22-01-2025,S002,P102,19,46.9,d0fec5
280,07-09-2025,S002,P101,16,51.16,25859e
281,24-06-2025,S001,P102,18,54.32,1e711d
282,23-10-2024,S002,P104,6,44.15,b33c0e
283,03-10-2024,S003,P101,13,63.62,b7e2b7
284,17-07-2025,S003,P103,14,64.06,2cd368
285,08-05-2025,S004,P103,12,22.88,9678be
286,19-07-2025,S002,P101,2,27.76,2.40E+48
287,25-09-2024,S001,P104,17,41.1,f0e45c
288,03-02-2025,S003,P103,16,80.16,e7fa58
289,27-07-2025,S001,P102,1,42.52,bb7571
290,12-08-2025,S004,P103,3,39.88,36c880
291,25-10-2024,S002,P101,14,98.75,38130a
292,25-09-2024,S001,P102,8,55.27,54362e
293,10-04-2025,S001,P103,20,13.77,e2ab69
294,15-06-2025,S003,P102,10,55.94,871b68
295,26-11-2024,S001,P101,15,23.49,358599
296,14-04-2025,S003,P103,11,16.03,7aa5cf
297,26-11-2024,S004,P103,10,57.92,8baa80
298,19-01-2025,S003,P102,20,31.89,ca05c6
299,14-11-2024,S004,P103,15,57.96,771f33
300,23-07-2025,S002,P102,8,50.48,a7fdb7
301,10-04-2025,S002,P102,10,36.16,b3bf7e
302,25-03-2025,S003,P103,15,29.45,3ab301
303,23-09-2024,S004,P104,6,82.95,aeed00
304,27-05-2025,S002,P102,9,82.81,fb80c9
305,14-10-2024,S003,P102,18,21.73,eb0f5a
306,03-02-2025,S004,P102,16,93.19,ea376c
307,03-11-2024,S003,P103,17,37.1,3d35d7
308,30-10-2024,S002,P104,1,55.39,bbb76f
309,28-09-2024,S002,P101,4,57.35,40b1b5
310,15-07-2025,S001,P102,12,80.82,85cc17
311,29-01-2025,S004,P104,16,53.15,1d0a68
312,20-09-2024,S002,P103,2,38.7,8278d2
313,24-05-2025,S001,P104,11,55.8,ed63b4
314,23-03-2025,S002,P103,20,42.16,b91b83
315,17-11-2024,S003,P104,16,71.72,508785
316,12-06-2025,S004,P103,3,68.75,609fc9
317,26-10-2024,S002,P104,7,76.08,fe8299
318,24-04-2025,S001,P101,6,16.18,f02c99
319,20-06-2025,S001,P102,10,27.28,0dee34
320,11-03-2025,S004,P102,15,38.44,b0765a
321,26-11-2024,S004,P101,18,63.41,faded7
322,04-02-2025,S001,P101,7,73.82,280b55
323,12-06-2025,S004,P101,20,19.79,d9ac6e
324,16-11-2024,S001,P102,7,74.48,3be932
325,24-04-2025,S003,P101,3,66.21,2a698b
326,02-07-2025,S001,P104,6,53.36,1d2f77
327,16-03-2025,S002,P103,4,28.81,df35c8
328,20-10-2024,S003,P101,8,50.59,259f97
329,16-05-2025,S002,P101,8,34.5,cec0e0
330,27-06-2025,S004,P103,11,62.15,0620a5
331,11-06-2025,S004,P103,6,29.78,eef88a
332,16-01-2025,S004,P104,4,36.38,e68d22
333,30-10-2024,S003,P102,1,69.9,31ed95
334,10-07-2025,S004,P103,19,37.49,182d48
335,18-06-2025,S001,P102,19,21.77,091df1
336,05-11-2024,S002,P101,18,27.31,e5ec95
337,16-07-2025,S002,P103,1,96.63,b267ad
338,24-05-2025,S001,P103,16,87.22,963250
339,14-03-2025,S002,P102,20,70.91,414c78
340,30-05-2025,S004,P104,2,25.01,7649f0
341,09-03-2025,S001,P103,5,57.63,3eec9b
342,11-10-2024,S003,P104,16,53.05,ea35c7
343,08-12-2024,S001,P102,1,88.66,9a274f
344,08-07-2025,S002,P102,12,81.96,f29b4b
345,27-06-2025,S004,P102,17,14.75,c5fd31
346,15-08-2025,S002,P103,14,71.74,364dca
347,12-06-2025,S001,P103,15,75.65,d2a990
348,08-07-2025,S003,P101,7,45.26,9a6dc1
349,02-04-2025,S001,P104,16,35.5,b5ea17
350,09-05-2025,S004,P103,2,60.96,7e7a34
351,03-01-2025,S001,P102,10,77.55,3d474d
352,03-09-2025,S004,P102,12,41.1,8d9fa7
353,17-09-2024,S003,P101,2,63.71,09fba1
354,06-04-2025,S003,P103,16,39.47,e232e8
355,08-03-2025,S003,P101,12,96.56,6e00ce
356,20-09-2024,S003,P102,11,78.4,c1b162
357,18-06-2025,S004,P101,5,60.12,12e9b3
358,29-10-2024,S002,P103,15,91.23,4469c8
359,30-10-2024,S001,P102,15,60.87,188089
360,28-07-2025,S004,P102,15,57.27,4488dc
361,21-12-2024,S002,P104,11,43.97,a9e1e6
362,29-01-2025,S003,P102,3,96.37,80472d
363,03-07-2025,S002,P101,12,87,b6d3f5
364,13-07-2025,S004,P103,8,85.27,5bd0c2
365,14-03-2025,S002,P104,11,27.24,2bb255
366,21-03-2025,S001,P103,4,78.38,f8392b
367,09-08-2025,S003,P104,16,94.27,bdb0b1
368,17-07-2025,S003,P104,2,45.79,d98b40
369,04-04-2025,S002,P104,20,66.23,36d34d
370,20-08-2025,S003,P101,16,76.17,592bae
371,10-07-2025,S003,P104,14,55.14,b52f0d
372,26-11-2024,S004,P101,8,22.25,4.20E+97
373,05-08-2025,S002,P104,1,30.19,c660e2
374,24-09-2024,S003,P101,20,32.48,6c9547
375,09-05-2025,S003,P101,9,71.47,a14d35
376,18-03-2025,S004,P104,19,64.01,aa2cfb
377,07-03-2025,S004,P102,11,14.8,456593
378,01-07-2025,S004,P103,6,38.47,ad7cbc
379,19-01-2025,S002,P101,7,28.26,f40402
380,01-03-2025,S003,P102,12,13.77,aa412e
381,15-01-2025,S001,P101,16,50.99,864f4f
382,31-05-2025,S001,P101,7,79.16,ccc505
383,10-02-2025,S001,P102,8,46.43,cec480
384,06-06-2025,S002,P104,16,83.3,876f3c
385,27-08-2025,S002,P101,2,36.4,2ef813
386,06-02-2025,S001,P101,20,77.87,d61fc1
387,07-06-2025,S002,P103,12,50.23,856c4e
388,19-09-2024,S003,P102,4,71.32,b2f1c0
389,17-08-2025,S001,P104,14,77.1,f976a5
390,15-04-2025,S004,P101,11,43.16,40576b
391,28-12-2024,S001,P104,4,95.79,2b1e0d
392,07-03-2025,S003,P104,6,21.8,c49b72
393,12-06-2025,S003,P104,3,87.39,10cad2
394,09-06-2025,S004,P103,6,86.9,378fd5
395,15-08-2025,S002,P104,11,75.67,c5df71
396,16-07-2025,S001,P104,14,79.1,8a06f9
397,29-03-2025,S002,P104,18,21.93,c93950
398,17-10-2024,S004,P103,12,21.32,57449f
399,15-07-2025,S002,P101,7,51.6,ed4fe3
400,28-08-2025,S001,P101,11,91.63,539f33
401,04-03-2025,S004,P102,5,15.49,7761c3
402,03-09-2025,S004,P102,16,82.37,3d7489
403,21-01-2025,S003,P103,9,27.21,3b527a
404,21-11-2024,S001,P104,17,97.8,162f19
405,03-06-2025,S004,P102,16,93.76,f16994
406,29-07-2025,S002,P103,18,95.47,e51858
407,04-09-2025,S002,P101,3,64.72,73f4f0
408,03-05-2025,S002,P101,8,76.62,6845ee
409,09-05-2025,S001,P101,2,58.45,d3e29d
410,09-07-2025,S001,P104,9,46.72,ddd9c6
411,28-10-2024,S004,P101,5,83.56,022c25
412,19-09-2024,S001,P104,20,89.33,cc09b9
413,19-02-2025,S003,P102,2,94.53,4b0a32
414,18-11-2024,S003,P102,18,47.68,3f3e4a
415,12-10-2024,S001,P104,19,30.95,dab021
416,05-02-2025,S004,P103,15,30.82,dcc56a
417,21-06-2025,S003,P103,8,62.8,b3f98e
418,02-02-2025,S001,P102,11,48.72,5931ef
419,07-11-2024,S003,P102,10,92.05,73b35b
420,23-05-2025,S001,P102,1,61.97,ac04b7
421,22-01-2025,S001,P103,12,57.59,410b2e
422,06-08-2025,S003,P102,15,50.44,c0d111
423,26-02-2025,S001,P103,1,18.82,987567
424,06-05-2025,S003,P103,2,35.36,cb41ee
425,26-01-2025,S003,P102,13,49.99,8ca87a
426,25-09-2024,S001,P104,9,78.14,122271
427,08-12-2024,S003,P104,11,38.63,aafcdc
428,25-12-2024,S002,P103,11,87.6,a0da5c
429,14-04-2025,S004,P101,7,60.56,87da74
430,24-04-2025,S002,P102,15,48.55,9e5f90
431,08-09-2025,S004,P104,11,19.69,97a301
432,23-11-2024,S004,P101,12,33.17,26269f
433,10-10-2024,S001,P101,4,72.19,6ee965
434,20-01-2025,S001,P103,15,84.27,856368
435,18-02-2025,S002,P101,10,42.35,371c25
436,11-11-2024,S002,P104,14,96.57,86e89f
437,06-09-2025,S004,P103,14,30.2,de4a7a
438,15-12-2024,S004,P102,16,50.51,f7b006
439,15-05-2025,S001,P103,20,23.8,d1a29f
440,12-03-2025,S004,P104,13,92.26,f4b409
441,17-07-2025,S001,P103,2,82.39,677ede
442,06-03-2025,S003,P103,20,87.23,387a81
443,29-11-2024,S002,P104,5,50.3,37bddd
444,03-11-2024,S002,P101,11,49.17,1e9247
445,12-04-2025,S004,P101,17,98.74,adb059
446,17-08-2025,S002,P104,7,38.59,a645c6
447,10-07-2025,S002,P103,15,13.61,73cd4c
448,01-01-2025,S001,P101,19,60.95,29606b
449,31-10-2024,S001,P103,15,56.18,14e97a
450,21-08-2025,S003,P103,8,76.71,310a59
451,30-09-2024,S004,P101,5,88.45,a3b9d1
452,19-02-2025,S004,P103,3,86.03,09655a
453,02-06-2025,S003,P101,10,91.27,4992f9
454,21-08-2025,S001,P102,11,30.73,961adf
455,05-06-2025,S004,P101,2,31.39,861523
456,30-07-2025,S002,P101,5,57.41,0a9628
457,12-12-2024,S004,P103,13,35.63,208060
458,14-03-2025,S004,P102,17,46.39,f68327
459,19-02-2025,S004,P101,17,19.54,54d411
460,07-01-2025,S002,P102,18,26.62,adabd9
461,05-06-2025,S002,P103,10,94.19,d6954e
462,29-12-2024,S003,P102,11,73.16,36479e
463,30-03-2025,S003,P101,13,96.65,5c9110
464,13-09-2024,S004,P101,11,44.45,d922c9
465,05-04-2025,S004,P102,15,47.88,c279b3
466,06-02-2025,S004,P101,16,74.44,0557c8
467,09-05-2025,S001,P103,20,77.34,1dd52c
468,19-03-2025,S001,P101,9,88.06,810f10
469,09-01-2025,S002,P101,7,63.18,5e5347
470,05-04-2025,S001,P101,18,15.89,514022
471,14-06-2025,S003,P104,13,24.07,45d1ff
472,20-01-2025,S004,P102,3,60.43,494f0d
473,15-02-2025,S001,P102,16,73.28,e1fe54
474,28-03-2025,S001,P104,11,92.26,8497ab
475,11-07-2025,S001,P103,5,71.06,9f39e5
476,08-02-2025,S002,P102,15,58.27,5f3382
477,25-06-2025,S002,P104,14,36.77,14b5a4
478,26-01-2025,S003,P104,14,74.17,c20a4d
479,23-03-2025,S003,P101,20,89.67,d99884
480,01-03-2025,S003,P103,16,39.11,b80b37
481,21-04-2025,S003,P103,11,66.09,1d0839
482,28-04-2025,S004,P103,3,91.43,f4a397
483,30-12-2024,S004,P101,3,70.71,7aebb4
484,28-06-2025,S004,P101,14,73.08,f4c833
485,08-10-2024,S003,P101,14,59.22,a47b0c
486,05-01-2025,S003,P102,6,12.43,fd01a5
487,16-11-2024,S004,P102,18,91.01,3c18e3
488,25-12-2024,S001,P101,14,35.75,2c0f41
489,24-01-2025,S001,P102,19,69.09,8b9cd9
490,29-01-2025,S004,P104,3,98.09,378f3c
491,09-11-2024,S003,P103,11,41.08,65955b
492,07-08-2025,S004,P101,1,88.76,800f0d
493,15-05-2025,S001,P103,11,30.9,5d0db0
494,02-12-2024,S002,P103,11,26.38,aa1991
495,05-07-2025,S002,P104,18,77.88,d12f10
496,13-07-2025,S002,P104,8,44.24,393b4b
497,18-06-2025,S003,P101,16,46.81,a1aca7
498,24-02-2025,S001,P102,15,16.57,53c1d3
499,11-08-2025,S002,P101,15,20.62,fa47aa
500,09-03-2025,S004,P101,1,75.32,6c9a2a
501,09-01-2025,S002,P102,18,65.57,19c3a6
502,27-06-2025,S004,P103,17,82.47,b51ef1
503,09-11-2024,S003,P103,12,65.32,a0bcc0
504,24-07-2025,S003,P101,10,84.47,847088
505,12-03-2025,S002,P101,11,72.26,fdce9a
506,15-07-2025,S004,P103,15,33.96,7320d0
507,04-12-2024,S002,P103,18,27.38,2cf711
508,25-08-2025,S001,P101,5,37.2,822fae
509,05-11-2024,S003,P101,16,17.45,c58774
510,10-11-2024,S004,P103,6,44.71,93ed0f
511,07-04-2025,S003,P102,18,17.31,147a1d
512,17-01-2025,S004,P103,8,69.82,14278b
513,20-12-2024,S004,P101,4,97.06,5bca56
514,13-12-2024,S002,P103,7,58.6,c4cd9b
515,02-09-2025,S003,P103,1,63.38,8b8120
516,01-11-2024,S001,P102,17,80.06,51c744
517,04-11-2024,S003,P102,15,38.63,43f3b1
518,26-05-2025,S002,P103,8,28.23,77f1f3
519,27-08-2025,S003,P101,5,11.35,95aa2c
520,27-06-2025,S001,P101,14,16.22,30b58e
521,20-04-2025,S004,P104,11,29.73,24416a
522,11-10-2024,S001,P102,12,76.44,4e41cf
523,30-09-2024,S001,P104,1,19.04,e88ae9
524,25-04-2025,S003,P101,13,91.07,707cf4
525,26-07-2025,S001,P104,7,27.26,8792ae
526,09-07-2025,S002,P102,18,24.1,efd020
527,30-01-2025,S003,P101,16,68.38,a68a82
528,07-09-2025,S004,P101,11,80.11,9e98d2
529,12-11-2024,S002,P103,12,58.66,cfd4b3
530,12-03-2025,S003,P101,14,65.82,15c1bf
531,27-04-2025,S003,P104,19,27.97,3.60E+05
532,22-11-2024,S001,P102,4,28.66,c15526
533,15-03-2025,S004,P101,18,29.87,a174f7
534,03-04-2025,S004,P102,19,77.58,326fe7
535,03-04-2025,S002,P102,9,48.9,620b4e
536,23-05-2025,S002,P103,9,52.06,8ad47a
537,03-02-2025,S002,P102,2,22.05,a6c0e9
538,07-06-2025,S004,P104,14,68.14,9dae9a
539,06-03-2025,S004,P103,2,48.59,fce506
540,22-03-2025,S003,P102,15,68.93,4bdadb
541,03-11-2024,S004,P104,1,91.29,a785fe
542,17-10-2024,S001,P101,16,96.34,d0d517
543,30-08-2025,S004,P104,11,56.19,8c4f13
544,07-12-2024,S002,P101,10,20.5,d8b854
545,22-10-2024,S001,P104,13,73.03,fcf21f
546,05-11-2024,S001,P101,9,49.02,2a5d3f
547,27-09-2024,S003,P102,11,16.11,efdd21
548,22-04-2025,S004,P103,13,70.46,f27589
549,26-11-2024,S002,P104,1,32.84,333703
550,28-03-2025,S003,P104,15,18.78,80ece3
551,04-01-2025,S004,P102,13,51.04,7bee41
552,24-02-2025,S003,P103,20,14.55,7bb2e8
553,15-12-2024,S001,P101,6,76.33,7d4f57
554,16-01-2025,S004,P103,8,44.23,66c26c
555,08-11-2024,S003,P103,7,42.18,311d98
556,28-08-2025,S001,P102,5,41.16,d0d55d
557,07-02-2025,S003,P103,17,28.74,b1981e
558,27-02-2025,S002,P104,14,39.36,48fc94
559,06-11-2024,S001,P104,4,71.37,9fa5d1
560,16-05-2025,S001,P102,3,98.79,64f9de
561,24-01-2025,S002,P101,11,86.59,d1341e
562,09-05-2025,S001,P102,7,98.63,8f55e3
563,08-04-2025,S003,P102,15,41.07,da781d
564,15-03-2025,S001,P103,6,98.32,547eea
565,13-01-2025,S001,P103,5,86.46,0e0d77
566,01-03-2025,S001,P102,2,16.18,92f35d
567,12-08-2025,S004,P102,7,28.48,8.90E+08
568,09-10-2024,S001,P103,12,96.13,bde578
569,03-02-2025,S002,P103,16,92.48,055c93
570,29-04-2025,S002,P101,4,30.75,19bfdf
571,09-12-2024,S004,P104,20,82.92,5004ba
572,17-07-2025,S002,P102,14,11.04,28abc9
573,14-11-2024,S001,P102,6,20.38,882561
574,28-10-2024,S004,P103,11,69.3,803315
575,18-08-2025,S001,P101,6,27.35,1779ff
576,26-01-2025,S004,P103,14,96.68,03f7f5
577,12-11-2024,S002,P101,2,99.26,ea6f45
578,30-11-2024,S001,P102,10,74.9,c5083b
579,29-01-2025,S001,P101,10,81.92,b5ab41
580,02-05-2025,S003,P103,13,27.98,e5ef44
581,17-05-2025,S001,P102,10,42.62,cab8a7
582,17-12-2024,S004,P102,10,75.8,33ad24
583,15-04-2025,S002,P102,20,81.69,d0ad68
584,27-12-2024,S003,P101,15,30.88,b4a81a
585,01-09-2025,S004,P103,7,17.96,4f164d
586,24-08-2025,S001,P103,7,72.56,cca5e1
587,22-10-2024,S003,P103,1,60.67,1c6e59
588,20-02-2025,S004,P101,18,54.62,26a874
589,07-12-2024,S003,P102,9,15.73,529842
590,17-01-2025,S001,P103,12,49.48,23be7f
591,17-09-2024,S003,P102,11,73.02,00fa4d
592,11-04-2025,S002,P102,20,26.46,c307d8
593,26-01-2025,S002,P104,4,16.7,c0a7e2
594,06-03-2025,S004,P102,1,32.7,51dc42
595,24-10-2024,S002,P103,18,58.09,2cf706
596,15-07-2025,S004,P104,14,80.58,351148
597,26-05-2025,S001,P103,5,48.19,31d023
598,07-08-2025,S004,P103,1,53.39,b02a56
599,09-03-2025,S002,P102,6,26.29,ef75be
600,24-09-2024,S004,P102,10,40.56,849047
601,03-02-2025,S002,P101,8,60.16,205faa
602,10-07-2025,S004,P101,13,98,569b8e
603,10-08-2025,S002,P102,8,80.64,7c3dc0
604,21-04-2025,S001,P103,11,99.43,a5390c
605,18-04-2025,S004,P104,6,63.75,9e4b21
606,27-09-2024,S002,P101,15,78.98,ab0cdd
607,26-02-2025,S003,P102,17,33.49,e58d72
608,24-03-2025,S004,P102,15,55.52,950eda
609,10-12-2024,S001,P104,1,29.37,e41708
610,16-06-2025,S004,P103,3,70.9,745ebe
611,12-12-2024,S004,P101,16,77.19,6035ab
612,26-10-2024,S004,P102,20,81.63,544efa
613,24-01-2025,S001,P104,11,38.65,4ace60
614,03-01-2025,S002,P102,2,42.48,48c386
615,24-08-2025,S003,P101,11,99.8,7dcb1a
616,23-06-2025,S002,P103,12,71.96,7fc726
617,04-08-2025,S004,P101,17,17.77,d20bd7
618,23-07-2025,S001,P104,12,30.43,1302c7
619,27-06-2025,S002,P104,20,75.99,ad5474
620,13-04-2025,S001,P102,3,21.67,5fc851
621,24-04-2025,S003,P104,12,25.46,faf097
622,07-01-2025,S003,P102,5,26.38,6aeb17
623,12-06-2025,S004,P103,1,85.29,4.80E+06
624,24-01-2025,S003,P102,20,62.11,a22571
625,02-03-2025,S001,P104,9,73.73,ba423e
626,21-06-2025,S004,P102,10,62.64,a6d08d
627,14-03-2025,S003,P103,7,97.7,506d84
628,17-01-2025,S002,P102,7,15.6,56b079
629,31-07-2025,S001,P103,18,25.23,94bf71
630,01-03-2025,S001,P103,1,32.55,bd6d08
631,13-12-2024,S001,P102,4,96.63,d4c072
632,11-04-2025,S001,P103,11,34.13,9a72f7
633,24-12-2024,S003,P102,15,75.12,accb2f
634,11-09-2024,S001,P101,20,66.81,7f48fa
635,04-11-2024,S003,P101,16,11.81,148b0b
636,15-03-2025,S002,P103,14,86.4,5c93aa
637,28-12-2024,S003,P102,20,87.67,f0c601
638,17-06-2025,S004,P102,20,63.42,72d769
639,19-04-2025,S004,P102,2,43.29,13459b
640,04-12-2024,S003,P101,7,28.55,92b3f3
641,11-02-2025,S002,P103,2,25.42,2d7b5c
642,11-05-2025,S004,P101,18,99,351d48
643,06-12-2024,S004,P101,5,73.49,8da92a
644,16-12-2024,S003,P102,11,30.62,a497e6
645,11-05-2025,S002,P103,9,72.15,7284c8
646,03-04-2025,S001,P103,15,14.62,48454e
647,11-12-2024,S003,P103,3,22.47,346c0b
648,01-07-2025,S002,P104,8,84.45,928a13
649,01-10-2024,S002,P102,2,52.16,da99a9
650,19-11-2024,S004,P103,16,76.05,6eea51
651,11-12-2024,S004,P102,11,41.36,539d0d
652,28-01-2025,S004,P104,13,35.46,03c2fa
653,19-04-2025,S004,P103,17,30.39,a2c555
654,21-02-2025,S001,P104,17,44.5,a92102
655,23-10-2024,S002,P101,11,39.99,3ed8a9
656,03-03-2025,S001,P104,18,55.9,823479
657,12-11-2024,S004,P102,13,77.69,41535d
658,13-12-2024,S002,P102,2,69.82,c9dbeb
659,30-11-2024,S004,P102,4,95.1,d5d4fa
660,27-09-2024,S001,P104,16,38.94,e59f04
661,13-10-2024,S004,P103,2,17.99,d009b1
662,15-10-2024,S002,P102,11,70.73,06a939
663,20-05-2025,S002,P102,1,78.87,acf9cd
664,30-10-2024,S002,P104,18,97.71,fb6749
665,06-08-2025,S004,P103,19,28.21,88b126
666,06-08-2025,S004,P103,8,85.55,0b65b7
667,03-03-2025,S004,P104,17,29.06,792ee8
668,04-07-2025,S004,P103,16,98.82,d6321a
669,20-02-2025,S001,P102,1,25.22,17b768
670,27-09-2024,S002,P103,18,80.41,63fb0b
671,26-11-2024,S003,P103,12,79.09,7b756a
672,12-10-2024,S003,P103,10,66.59,2b7e25
673,15-09-2024,S004,P103,12,29.07,babe94
674,30-08-2025,S004,P102,8,34.97,b0c802
675,23-08-2025,S004,P104,1,33.94,e7cbf9
676,23-12-2024,S003,P104,15,76.34,9b4e3e
677,15-10-2024,S001,P102,8,60.8,911c98
678,17-11-2024,S002,P102,6,82.7,7abe5b
679,01-01-2025,S002,P103,18,87.39,e9259f
680,31-05-2025,S002,P104,13,42.03,ea68c1
681,01-11-2024,S004,P101,12,74.29,17c052
682,28-05-2025,S003,P101,17,38.74,59028
683,21-09-2024,S004,P102,6,59.43,7a3c1e
684,31-01-2025,S001,P102,20,82.04,74fe8e
685,21-04-2025,S001,P104,4,84.98,548cb1
686,04-10-2024,S004,P102,12,28.2,de7f50
687,01-11-2024,S001,P103,9,49.54,0f61b3
688,17-03-2025,S002,P104,13,54.37,2fe9cd
689,15-09-2024,S003,P102,14,77.12,415f8c
690,13-02-2025,S002,P102,5,38.85,96919f
691,30-03-2025,S004,P103,5,61.59,9bedd8
692,09-12-2024,S004,P102,14,43.76,ed5ac5
693,21-06-2025,S004,P103,12,79.8,c3664d
694,22-06-2025,S003,P103,7,16.99,dd2cae
695,20-11-2024,S002,P102,15,84.1,6218ed
696,01-04-2025,S003,P104,6,42.5,967d61
697,21-05-2025,S001,P103,14,77.04,a9858d
698,04-07-2025,S004,P103,9,70.29,65b4f7
699,29-11-2024,S002,P104,1,99.65,66bee1
700,11-11-2024,S001,P101,10,14.15,11fcf7
701,26-05-2025,S004,P103,3,29.34,99a3b5
702,06-06-2025,S001,P102,7,54.71,472597
703,09-07-2025,S002,P103,12,96.47,1408c8
704,13-02-2025,S001,P102,5,99.78,e94670
705,14-09-2024,S004,P102,16,59.87,24da02
706,29-03-2025,S001,P104,10,90.96,4.61E+10
707,27-08-2025,S001,P101,15,54.07,337ed7
708,10-09-2024,S003,P101,14,95.87,078bce
709,29-01-2025,S002,P101,1,49.47,e03484
710,09-11-2024,S002,P101,8,22.59,24cd48
711,03-08-2025,S004,P103,14,55.95,d12d20
712,02-06-2025,S002,P102,5,26.94,16e1a3
713,04-12-2024,S003,P104,8,52.44,9fa70e
714,18-09-2024,S004,P103,7,37.66,60abb2
715,06-03-2025,S003,P102,17,86.21,63a863
716,01-04-2025,S001,P102,11,71.01,360b3f
717,13-10-2024,S001,P102,17,24.03,8ae4c1
718,15-06-2025,S003,P104,14,42.19,98b550
719,22-06-2025,S004,P104,20,54.87,0cf673
720,30-10-2024,S003,P104,10,77.1,eadfec
721,28-08-2025,S003,P101,19,27.05,64fafd
722,19-08-2025,S001,P101,2,60.49,c6fab3
723,19-06-2025,S004,P102,2,93.77,cc3396
724,16-04-2025,S004,P101,16,53.05,9ee208
725,11-06-2025,S003,P101,15,88,46c36e
726,29-08-2025,S002,P103,7,82.63,be6657
727,17-07-2025,S003,P103,6,47.15,86fc24
728,09-11-2024,S004,P103,14,89.34,e4aabc
729,26-04-2025,S001,P103,6,94.48,df8920
730,01-11-2024,S003,P104,16,45.56,a64415
731,19-06-2025,S001,P104,9,77.28,08ba18
732,09-11-2024,S002,P104,16,22.09,0d619a
733,05-09-2025,S003,P101,13,97.99,468394
734,27-01-2025,S001,P102,16,55.72,97726e
735,05-06-2025,S001,P104,11,81.48,871c9a
736,19-10-2024,S004,P101,5,45.44,103cc9
737,23-06-2025,S001,P103,20,50.48,1d32cd
738,02-04-2025,S004,P103,5,52.74,72687f
739,17-08-2025,S004,P104,4,34.76,259446
740,18-01-2025,S001,P103,18,53.47,72a344
741,09-06-2025,S002,P103,3,75.03,48ae74
742,13-06-2025,S004,P102,9,45.02,3474f8
743,12-06-2025,S002,P104,13,65.51,1f8b7f
744,22-07-2025,S003,P103,9,26.82,0699bd
745,24-10-2024,S004,P102,3,13.38,713be0
746,19-06-2025,S003,P102,19,68.65,35dff6
747,25-09-2024,S002,P102,8,33.62,0e1784
748,02-01-2025,S004,P102,7,25.34,9e1007
749,12-06-2025,S004,P103,3,50.88,86ec75
750,11-04-2025,S003,P102,13,19.87,8525f4
751,12-06-2025,S004,P101,3,56.99,b7930e
752,22-06-2025,S002,P101,14,10.86,bdd4c2
753,03-07-2025,S002,P103,7,33.18,9b88b7
754,17-04-2025,S003,P103,4,19.53,7624a0
755,07-12-2024,S004,P104,4,46,7abe44
756,31-03-2025,S001,P103,5,96.08,3aa6b4
757,22-11-2024,S002,P102,14,42.33,a72531
758,22-02-2025,S002,P104,13,16.18,a98ec1
759,18-12-2024,S003,P103,10,16.35,03cb3a
760,28-02-2025,S001,P103,16,81.99,6311ef
761,04-09-2025,S004,P104,14,15.37,84dd82
762,16-12-2024,S004,P101,2,98.92,e5b547
763,25-11-2024,S002,P101,6,14.88,dfc504
764,28-09-2024,S001,P102,9,87.75,938947
765,13-04-2025,S001,P104,15,67.95,3430ac
766,13-10-2024,S001,P101,8,98.21,826eb1
767,01-12-2024,S001,P103,3,37.35,65b47c
768,27-09-2024,S002,P104,7,40.26,bfe569
769,13-03-2025,S004,P103,7,78,401f63
770,12-12-2024,S004,P101,17,83.33,4201c7
771,06-10-2024,S001,P101,13,96.5,3baf85
772,14-01-2025,S002,P103,10,80.37,3fc79a
773,20-02-2025,S001,P103,2,81.44,947ce5
774,29-03-2025,S003,P101,9,20.15,5.44E+09
775,05-01-2025,S001,P102,3,41.29,96e60d
776,11-06-2025,S003,P102,12,15.66,ca3bbd
777,09-05-2025,S001,P103,10,63.57,0a7fac
778,23-05-2025,S003,P102,10,25.35,09e710
779,05-10-2024,S001,P102,6,34.59,34ff20
780,30-09-2024,S003,P104,14,48.76,ba6491
781,08-11-2024,S001,P101,3,71.03,5c6a6f
782,13-06-2025,S002,P103,9,18.77,544a8a
783,01-05-2025,S004,P102,4,30.49,8.71E+04
784,15-12-2024,S003,P104,2,37.47,6d6e28
785,17-12-2024,S003,P104,8,12.32,6088a4
786,11-06-2025,S002,P104,18,31.62,24bd8c
787,15-08-2025,S001,P102,20,55.54,67b71b
788,09-06-2025,S004,P103,20,95.43,3655dc
789,02-08-2025,S003,P102,11,99.5,26301e
790,19-06-2025,S001,P103,14,63.72,b69c2f
791,15-04-2025,S004,P104,13,30.25,d9e20e
792,30-05-2025,S002,P102,6,21.41,ee2832
793,12-10-2024,S001,P104,13,72.49,dc894a
794,02-12-2024,S004,P104,4,14.09,645309
795,16-11-2024,S004,P102,11,11.3,779232
796,08-07-2025,S003,P102,4,72.97,f8407d
797,11-09-2024,S004,P101,10,55.77,b62f85
798,21-04-2025,S003,P101,5,57.67,d8a108
799,28-07-2025,S001,P104,6,44.37,21a940
800,24-02-2025,S003,P104,19,13,2bd2c9
801,04-12-2024,S003,P103,18,68.34,9ae525
802,15-08-2025,S003,P103,12,50.39,7cbb96
803,19-08-2025,S003,P103,8,73.33,5679db
804,26-02-2025,S003,P104,3,41.34,52eda3
805,22-06-2025,S004,P103,2,80.28,51f849
806,08-12-2024,S004,P102,7,95.53,c093f7
807,26-12-2024,S002,P104,10,50.51,95a50a
808,18-05-2025,S003,P104,17,66.22,ea36a3
809,13-01-2025,S003,P102,14,93.03,c66b0a
810,29-07-2025,S002,P104,20,99.42,6cc312
811,16-01-2025,S004,P103,11,36.85,ef9976
812,16-08-2025,S003,P103,10,35.52,5e14ed
813,10-07-2025,S004,P102,1,20.04,1e7c8e
814,30-12-2024,S003,P104,14,42.3,69f8a8
815,15-05-2025,S002,P103,3,34.15,96b499
816,13-03-2025,S001,P101,15,76.03,8e7cc1
817,27-08-2025,S004,P103,5,34.73,faeee5
818,12-06-2025,S001,P101,10,16.81,ae0090
819,26-10-2024,S003,P104,18,73.05,893a2d
820,31-07-2025,S003,P101,12,48.68,114aa9
821,26-06-2025,S001,P104,17,75.79,92c8aa
822,13-01-2025,S001,P103,12,14.5,171fa1
823,21-12-2024,S004,P102,15,69.8,d29975
824,15-12-2024,S004,P104,13,43.59,236ae0
825,28-03-2025,S002,P104,13,88.34,9f4234
826,24-05-2025,S002,P102,15,41.49,205641
827,03-01-2025,S003,P101,3,78.89,894091
828,12-04-2025,S004,P102,12,23.71,d26edf
829,15-03-2025,S003,P101,3,79.61,f1d6f6
830,22-10-2024,S002,P101,1,44.9,57a20a
831,14-10-2024,S001,P104,15,95.23,834380
832,29-07-2025,S004,P103,8,46.8,5a549c
833,10-01-2025,S001,P102,14,52.58,3aa56f
834,10-03-2025,S002,P101,4,14.87,b7ece5
835,11-08-2025,S004,P103,18,22.07,8a7887
836,27-04-2025,S003,P104,16,38.89,c90ac4
837,31-12-2024,S002,P103,15,28.61,13a581
838,09-03-2025,S001,P103,2,67.05,795ea7
839,28-11-2024,S004,P101,12,75.64,50b96c
840,20-09-2024,S002,P104,16,59.03,33ba64
841,18-01-2025,S003,P103,12,19.07,28a8fd
842,14-11-2024,S001,P102,16,56.83,ebe268
843,15-08-2025,S001,P103,18,99.43,27eec7
844,10-07-2025,S001,P101,2,48.61,17c535
845,30-12-2024,S004,P103,8,39.98,2dc14b
846,08-04-2025,S003,P102,8,82.11,a0d8b6
847,16-06-2025,S003,P101,9,93.31,1af67f
848,11-11-2024,S003,P101,3,86.6,37d1f7
849,09-09-2025,S004,P103,11,27.57,b71ea9
850,17-10-2024,S001,P104,6,37.48,93e905
851,21-02-2025,S003,P103,10,39.45,1dcde9
852,04-06-2025,S004,P104,6,72.19,7f140b
853,01-03-2025,S002,P103,2,78.54,97ca09
854,10-03-2025,S003,P104,13,39.2,4088da
855,05-10-2024,S004,P104,11,75.4,5d8e29
856,18-09-2024,S004,P104,17,98.84,49ddba
857,12-08-2025,S001,P102,13,98.79,8771d8
858,07-12-2024,S003,P103,15,17.01,b7e067
859,27-10-2024,S002,P103,11,34.12,4.33E+04
860,02-10-2024,S002,P101,14,77.29,dbcabf
861,13-04-2025,S003,P101,5,38.21,8d9f4f
862,10-02-2025,S002,P103,12,41.08,2ce02a
863,07-03-2025,S003,P101,18,68.1,b0b9fc
864,16-05-2025,S002,P103,7,27.42,4f5884
865,13-12-2024,S001,P104,2,54.4,9f5e05
866,10-12-2024,S004,P101,16,20.31,e7c610
867,22-01-2025,S001,P104,5,70.44,ca616f
868,27-02-2025,S001,P103,13,88.65,74ac9b
869,09-04-2025,S003,P103,13,15.79,763c4d
870,25-06-2025,S003,P103,6,92.89,f3aa03
871,06-10-2024,S002,P101,7,51.47,16982d
872,15-10-2024,S003,P101,6,83.86,b97cad
873,23-06-2025,S002,P102,18,54.53,4d4478
874,11-07-2025,S003,P104,18,71.87,d4f9aa
875,27-04-2025,S002,P104,1,80.84,4fb6c8
876,07-09-2025,S003,P102,2,66.65,936149
877,19-06-2025,S004,P104,16,60.41,1ce631
878,26-11-2024,S004,P102,4,49.64,32deb2
879,17-08-2025,S001,P101,17,43.82,30b468
880,22-12-2024,S003,P104,14,78.25,26939e
881,08-06-2025,S003,P101,11,96.45,556829
882,24-05-2025,S004,P103,2,62.79,a036f6
883,12-02-2025,S001,P102,3,32.52,9ba844
884,07-06-2025,S001,P102,19,34.47,67efea
885,15-10-2024,S003,P103,19,10.27,3f9c79
886,09-12-2024,S001,P101,2,83.43,7038cf
887,21-12-2024,S004,P103,5,26.91,cb1b94
888,23-09-2024,S004,P102,14,23.76,2f5c2d
889,26-10-2024,S004,P104,16,67.93,b0c501
890,16-06-2025,S003,P102,20,98.78,a023f4
891,22-02-2025,S004,P104,15,44.47,cbfe3a
892,01-07-2025,S003,P104,15,10.5,dc6071
893,15-06-2025,S003,P101,7,13.54,1c42c1
894,17-11-2024,S002,P104,19,78.87,ac727c
895,08-10-2024,S001,P104,17,76.71,f5b4fb
896,05-12-2024,S002,P101,19,97.44,6ddaac
897,17-07-2025,S004,P102,17,38.62,aaff44
898,13-05-2025,S001,P103,14,98.36,5f0001
899,28-02-2025,S002,P102,9,66.4,5daa04
900,13-08-2025,S001,P104,18,55.81,18e0c8
901,06-10-2024,S003,P101,14,24.62,ec0e87
902,02-12-2024,S002,P103,15,84.8,5a535c
903,02-04-2025,S004,P102,16,72.65,0b7e62
904,21-11-2024,S004,P103,2,64.43,f2f9ef
905,13-06-2025,S004,P101,6,58.34,3e7a88
906,05-10-2024,S004,P101,3,15.75,1a3f5c
907,18-03-2025,S001,P101,17,89.29,3ec914
908,06-01-2025,S004,P103,5,66.16,ea8736
909,17-01-2025,S001,P103,18,49.64,3aa21f
910,06-05-2025,S004,P103,6,24.91,424631
911,20-05-2025,S002,P102,11,34.29,267da9
912,08-07-2025,S003,P102,16,71.41,5d2d5e
913,21-11-2024,S001,P103,17,60.26,7b191e
914,19-02-2025,S003,P104,6,20.09,fd9d13
915,06-06-2025,S004,P103,20,51.62,8d13fb
916,10-08-2025,S002,P103,6,33.52,b1025f
917,13-06-2025,S001,P103,11,24.91,0c839f
918,22-08-2025,S004,P101,9,50.91,69f465
919,13-06-2025,S002,P101,15,27.83,68afdb
920,06-02-2025,S001,P104,2,38.8,914d22
921,30-01-2025,S003,P101,8,49.95,24241
922,22-06-2025,S003,P102,7,83.85,cc413a
923,07-09-2025,S004,P103,16,54.89,f92c04
924,21-05-2025,S001,P104,14,52.76,92319f
925,19-08-2025,S001,P101,17,23.55,565d76
926,21-08-2025,S002,P103,11,72.64,ba486e
927,24-04-2025,S004,P103,11,59.86,fae552
928,30-09-2024,S004,P102,20,19.26,677e5e
929,01-01-2025,S004,P104,16,97.62,13777
930,26-06-2025,S003,P101,13,60.81,bfcb46
931,13-07-2025,S002,P103,12,88.24,1bbfe9
932,20-10-2024,S002,P104,13,40.08,e1fbd4
933,17-06-2025,S003,P102,19,61.65,292b1d
934,15-02-2025,S003,P104,2,99.11,bc1e1e
935,02-01-2025,S003,P102,7,71.99,c17483
936,04-11-2024,S003,P104,12,71.79,a8e7d4
937,04-10-2024,S004,P102,10,45.28,3b95e2
938,14-12-2024,S003,P104,5,96.26,b73cf6
939,04-12-2024,S001,P103,3,77.5,c7232a
940,19-03-2025,S002,P101,5,34.55,99de32
941,14-08-2025,S003,P103,14,14.29,8b4271
942,22-11-2024,S001,P102,13,94.82,6c2117
943,25-07-2025,S003,P102,10,27.65,d1ece6
944,07-12-2024,S001,P101,16,39.6,00e16b
945,14-12-2024,S003,P102,8,57.16,172f6b
946,17-01-2025,S001,P103,15,10.34,18f4ae
947,23-08-2025,S004,P103,11,26.78,f7ff83
948,30-07-2025,S001,P104,10,44.14,e79527
949,29-08-2025,S001,P101,12,36.8,c63d15
950,03-02-2025,S003,P102,13,24.34,56d4fb
951,20-08-2025,S004,P102,4,55.84,5f52b5
952,01-05-2025,S003,P103,12,90.9,5d8df5
953,12-02-2025,S004,P102,3,13.5,996163
954,16-01-2025,S004,P103,11,35.99,fd2149
955,15-08-2025,S002,P104,10,11.25,305d4a
956,23-06-2025,S002,P101,4,36.7,a4f73d
957,11-03-2025,S001,P101,17,95.23,6a9f80
958,02-08-2025,S001,P104,8,98.85,f85dee
959,10-05-2025,S004,P101,11,90.18,79e840
960,28-10-2024,S003,P101,2,74.69,afcbe0
961,18-09-2024,S004,P101,10,43.67,c784b7
962,10-10-2024,S003,P104,5,33.93,5b7ffe
963,12-09-2024,S002,P101,13,73.95,e9aa58
964,05-03-2025,S002,P102,4,89.57,81c7d6
965,05-11-2024,S002,P101,15,55.87,765d13
966,08-06-2025,S001,P103,16,48.29,6888c9
967,01-04-2025,S002,P102,13,86.27,8c969f
968,04-09-2025,S002,P103,3,75.23,32e5a7
969,06-06-2025,S003,P101,3,33.29,64b505
970,02-01-2025,S002,P103,13,92.03,8533d3
971,28-04-2025,S003,P101,8,73.89,2cdabe
972,23-03-2025,S004,P102,11,83.07,3842ef
973,09-04-2025,S004,P101,9,93.53,0435ca
974,13-04-2025,S002,P103,2,51.4,193c21
975,29-05-2025,S003,P103,19,55.71,16eeff
976,14-08-2025,S004,P104,12,72.62,432112
977,16-10-2024,S003,P104,17,17.41,289436
978,15-04-2025,S001,P102,11,34.58,b7b532
979,20-07-2025,S001,P102,7,21.14,a34f81
980,30-10-2024,S004,P101,20,21.08,160ab2
981,02-10-2024,S001,P104,18,18.47,b9cd40
982,27-10-2024,S001,P104,8,41.99,545760
983,11-06-2025,S002,P104,11,33.31,2b878f
984,04-04-2025,S004,P103,12,62.67,778217
985,02-02-2025,S002,P104,8,84.07,47a070
986,31-07-2025,S003,P103,11,28.48,2ced57
987,11-06-2025,S003,P101,5,32.72,39e0a2
988,15-07-2025,S003,P104,15,79.95,1670d2
989,06-09-2025,S003,P101,7,28.02,9c4d3a
990,24-02-2025,S003,P104,17,33.84,1801fe
991,29-08-2025,S001,P101,9,40.26,f972fb
992,29-06-2025,S001,P104,20,62.19,4d0ef6
993,15-04-2025,S003,P103,7,71.47,c6b12f
994,08-02-2025,S001,P101,20,20.28,509936
995,10-03-2025,S003,P104,12,20.33,6c2828
996,12-08-2025,S001,P101,4,56.63,f57605
997,09-11-2024,S001,P104,8,53.87,043b2b
998,12-04-2025,S002,P104,17,80.24,6af571
999,23-03-2025,S002,P104,20,90.88,22fe9a
1000,22-09-2024,S004,P101,4,33.71,b4f126
